word,group
veranda,0
neuralgia,0
ambrosia,0
panacea,0
anathema,0
panorama,0
camelia,0
parabola,0
cyclopedia,0
paraphernalia,0
dyspepsia,0
paranomasia,0
effluvia,0
phenomena,0
euthanasia,0
regalia,0
extravaganza,0
sciatica,0
fantasia,0
taffeta,0
hysteria,0
terracotta,0
inertia,0
walhalla,0
influenza,0
blab,1
drab,1
cab,1
gab,1
crab,1
knabf,1
dab,1
scab,1
asthma,2
aurora,2
comma,2
chimera,2
dogma,2
cupola,2
drama,2
dahlia,2
era,2
dilemma,2
gala,2
duenna,2
hydra,2
flotilla,2
polka,2
formula,2
sofa,2
fuchsia,2
stanza,2
gondola,2
stigma,2
gorilla,2
strata,2
iota,2
villa,2
madonna,2
vista,2
nebula,2
agenda,2
orchestra,2
algebra,2
regatta,2
area,2
sepia,2
arcana,2
siesta,2
armada,2
sonata,2
aroma,2
umbrella,2
slab,3
habnab,3
stab,3
babe,3
tab,3
back,4
rack,4
black,4
sac,4
brach,4
sack,4
brack,4
slack,4
clack,4
smack,4
crack,4
snack,4
hack,4
stack,4
knack,4
tack,4
lac,4
thwack,4
lack,4
track,4
pack,4
whack,4
plaque,4
wrack,4
quack,4
arrack,4
attack,4
symposiar,4
lilac,4
aphrodisiac,4
nick-nack,4
dypsomaniac,4
almanac,4
hypocondriac,4
cardiac,4
salammoniac,4
celiac,4
opaque,4
iliac,4
break,4
maniac,4
take,4
zodiac,4
neck,4
demoniac,4
speak,4
elegiac,4
ace,5
chase,5
base,5
dace,5
brace,5
face,5
case,5
grace,5
lace,5
mace,5
pace,5
place,5
plaice,5
race,5
space,5
trace,5
abase,5
aggrace,5
apace,5
birthplace,5
debase,5
deface,5
disgrace,5
displace,5
efface,5
embrace,5
grimace,5
horserace,5
misplace,5
necklace,5
outface,5
outpace,5
replace,5
retrace,5
solace,5
surface,5
terrace,5
unlace,5
interlace,5
populace,5
grass,6
cease,6
less,6
daze,6
scarce,6
batch,6
snatch,6
catch,6
swatch,6
hatch,6
thatch,6
latch,6
attach,6
match,6
despatch,6
patch,6
detach,6
ratch,6
watch,6
scratch,6
wretch,6
smatch,6
botch,6
act,6
fact,6
fract,6
pact,6
tact,6
tract,6
attract,6
co-act,6
compact,6
contact,6
contract,6
detract,6
abstract,6
distract,6
enact,6
epact,6
exact,6
extract,6
impact,6
infract,6
protract,6
react,6
refract,6
retract,6
diffract,6
subact,6
subtract,6
transact,6
cataphract,6
cataract,6
counteract,6
incompact,6
precontract,6
re-enact,6
baked,7
raked,7
plaid,7
quod,7
rad,7
sad,7
shad,7
wad,7
dryad,7
footpad,7
salad,7
fade,7
red,7
sod,7
aid,7
bade,7
blade,7
braid,7
cade,7
dadef,7
fade,7
glade,7
grade,7
hade,7
jade,7
lade,7
made,7
maid,7
raid,7
shade,7
slade,7
spade,7
trade,7
vade,7
abraid,7
afraid,7
arcade,7
blockade,7
brigade,7
brocade,7
cascade,7
chamade,7
cockade,7
crusade,7
decade,7
degrade,7
dissuade,7
evade,7
facade,7
gambade,7
grenade,7
invade,7
milkmaid,7
parade,7
persuade,7
pervade,7
relaid,7
tirade,7
unlade,7
upbraid,7
accolade,7
ambuscade,7
barricade,7
bastinade,7
cannonade,7
cavalcade,7
centigrade,7
colonnade,7
esplanade,7
fusilade,7
gasconade,7
lemonade,7
marmalade,7
masquerade,7
overlade,7
palisade,7
pasquinade,7
renegade,7
retrograde,7
serenade,7
bad,8
bead,8
head,8
preyed,8
fadge,8
chafe,9
naif,9
safe,9
waif,9
unsafe,9
chaff,9
draff,9
gaff,9
grafft,9
laugh,9
naff,9
quaff,9
staff,9
carafe,9
distaff,9
giraffe,9
vouchsafe,9
leaf,9
deaf,9
laugh,9
riff-raff,9
tipstaff,9
cenotaph,9
epitaph,9
paragraph,9
quarter-staff,9
calf,9
half,9
aft,9
raft,9
craft,9
shaft,9
daft,9
waft,9
draft,9
abaft,9
draught,9
ingraft,9
graft,9
handicraft,9
haft,9
age,10
cage,10
gage,10
gauge,10
page,10
rage,10
sage,10
stage,10
suage,10
swage,10
wage,10
adage,10
assuage,10
baggage,10
quag,10
rag,10
sag,10
scrag,10
shag,10
slag,10
snag,10
stag,10
swag,10
tag,10
wag,10
tag-rag,10
zig-zag,10
boskage,11
cabbage,11
corsage,11
cortege,11
courage,11
cribbage,11
dotage,11
engage,11
enrage,11
hostage,11
marriage,11
manage,11
menage,11
message,11
mirage,11
foliage,11
mortgage,11
heritage,11
passage,11
hermitage,11
peerage,11
parentage,11
potage,11
parsonage,11
presage,11
pasturage,11
salvage,11
patronage,11
sausage,11
percentage,11
scutage,11
personage,11
village,11
pilgrimage,11
wreckage,11
villanage,11
appanage,11
concubinage,11
appendage,11
edge,11
disengage,11
siege,11
equipage,11
ale,12
pail,12
bail,12
pale,12
bale,12
quail,12
brail,12
rail,12
dale,12
sail,12
fail,12
sale,12
flail,12
scale,12
frail,12
shale,12
gale,12
snail,12
grail,12
stale,12
hail,12
swale,12
hale,12
tail,12
jail,12
tale,12
mail,12
trail,12
male,12
vale,12
nail,12
veil,12
wail,12
impale,12
wale,12
prevail,12
whale,12
regale,12
assail,12
retail,12
avail,12
wassail,12
blackmail,12
wholesale,12
bewail,12
aventail,12
curtail,12
countervail,12
detail,12
farthingale,12
entail,12
nightingale,12
exhale,12
female,12
aim,13
acclaim,13
blame,13
became,13
came,13
declaim,13
claim,13
defame,13
dame,13
disclaim,13
fame,13
exclaim,13
flame,13
inflame,13
frame,13
misname,13
game,13
nickname,13
lame,13
proclaim,13
maim,13
reclaim,13
name,13
surname,13
frame,13
overcame,13
same,13
shame,14
tame,14
bane,15
brain,15
blain,15
cane,15
chain,15
crane,15
deign,15
drain,15
fain,15
fane,15
feign,15
gain,15
grain,15
lain,15
lane,15
main,15
mane,15
pain,15
pane,15
plain,15
plane,15
rain,15
reign,15
rein,15
sane,15
skein,15
slain,15
sprain,15
stain,15
strain,15
swain,15
thane,15
train,15
twain,15
vain,15
vane,15
vein,15
wain,15
wane,15
abstain,15
faint,15
feint,15
amain,15
arraign,15
attain,15
campaign,15
champagne,15
complain,15
constrain,15
contain,15
curtain,15
detain,15
disdain,15
distrain,15
domain,15
enchain,15
explain,15
henbane,15
maintain,15
murrain,15
obtain,15
ordain,15
pertain,15
profane,15
refrain,15
regain,15
remain,15
restrain,15
retain,15
sustain,15
appertain,15
entertain,15
hurricane,15
mean,16
scene,16
maynet,17
plaint,17
quaint,17
constraint,17
saint,17
distraint,17
taint,17
restraint,17
acquaint,17
rant,17
attaint,17
rent,17
complaint,17
air,18
bare,18
bear,18
care,18
chair,18
dare,18
eeer,18
ere,18
fair,18
fare,18
flare,18
gare,18
glair,18
glare,18
hair,18
hare,18
heir,18
lair,18
mare,18
neer,18
pair,18
pare,18
pear,18
scare,18
share,18
snare,18
spare,18
square,18
stair,18
stare,18
swear,18
tare,18
there,18
ware,18
wear,18
where,18
yare,18
affair,18
armchair,18
aware,18
beware,18
coheir,18
compare,18
declare,18
despair,18
elsewhere,18
ensnare,18
forbear,18
forswear,18
however,18
impair,18
prepare,18
repair,18
whatever,18
whenever,18
wherever,18
debonnair,18
howsoever,18
millionaire,18
her,19
were,19
theirs,20
unawares,20
gaze,21
cross-ways,21
glaze,21
paraphrase,21
graze,21
ease,21
maze,21
seize,21
phrase,21
keys,21
praise,21
bait,22
slate,22
bate,22
straight,22
date,22
strait,22
eight,22
wait,22
fate,22
abate,22
gait,22
await,22
gate,22
belate,22
grate,22
collate,22
great,22
create,22
hate,22
cremate,22
late,22
debate,22
mate,22
dilate,22
pate,22
elate,22
plate,22
estate,22
prate,22
frustrate,22
rate,22
ingrate,22
sate,22
innate,22
irate,22
migrate,22
narrate,22
prostrate,22
rebate,22
relate,22
sedate,22
translate,22
abdicate,22
abrogate,22
accurate,22
adequate,22
advocate,22
aggravate,22
agitate,22
alienate,22
animate,22
annotate,22
antedate,22
apostate,22
arbitrate,22
arrogate,22
aspirate,22
cachinate,22
calculate,22
candidate,22
captivate,22
castigate,22
celebrate,22
celibate,22
circulate,22
congregate,22
consecrate,22
contemplate,22
cultivate,22
dedicate,22
delegate,22
delicate,22
deprecate,22
derogate,22
desolate,22
desperate,22
dislocate,22
dissipate,22
educate,22
elevate,22
emigrate,22
emulate,22
estimate,22
extricate,22
formulate,22
fornicate,22
fortunate,22
generate,22
hesitate,22
hibernate,22
imitate,22
immolate,22
impetrate,22
imprecate,22
innovate,22
instigate,22
intimate,22
intricate,22
irritate,22
inundate,22
magistrate,22
meditate,22
micturate,22
mitigate,22
moderate,22
nominate,22
obstinate,22
oscillate,22
passionate,22
penetrate,22
perforate,22
perpetrate,22
personate,22
potentate,22
predicate,22
profligate,22
propagate,22
regulate,22
reprobate,22
ruminate,22
rusticate,22
separate,22
stipulate,22
subjugate,22
suffocate,22
syndicate,22
terminate,22
titivate,22
tolerate,22
triturate,22
vindicate,22
violate,22
abominate,22
accelerate,22
accentuate,22
confederate,22
congratulate,22
considerate,22
contaminate,22
co-operate,22
corroborate,22
debilitate,22
degenerate,22
deliberate,22
denominate,22
depopulate,22
disconsolate,22
discriminate,22
effeminate,22
elaborate,22
emancipate,22
emasculate,22
equivocate,22
eradicate,22
evaporate,22
exaggerate,22
exasperate,22
accommodate,22
expectorate,22
accumulate,22
expostulate,22
adulterate,22
affectionate,22
annihilate,22
anticipate,22
articulate,22
assassinate,22
capacitate,22
capitulate,22
chalybeate,22
coagulate,22
commemorate,22
communicate,22
exterminate,22
facilitate,22
illiterate,22
illuminate,22
immoderate,22
importunate,22
inanimate,22
initiate,22
insatiate,22
intemperate,22
intimidate,22
intoxicate,22
invalidate,22
compassionate,22
investigate,22
inveterate,22
inviolate,22
legitimate,22
matriculate,22
necessitate,22
participate,22
precipitate,22
predestinate,22
predominate,22
premeditate,22
prevaricate,22
procrastinate,22
prognosticate,22
recriminate,22
regenerate,22
reiterate,22
reverberate,22
subordinate,22
unfortunate,22
weight,23
height,23
heat,23
ache,24
bake,24
brake,24
break,24
cake,24
drake,24
fake,24
flake,24
hake,24
lake,24
make,24
quake,24
rake,24
sake,24
shake,24
snake,24
spake,24
stake,24
steak,24
take,24
wake,24
awake,24
bespake,24
betake,24
corn-crake,24
forsake,24
keepsake,24
mandrake,24
mistake,24
namesake,24
partake,24
overtake,24
snowflake,24
undertake,24
rack,25
neck,25
weak,25
check,25
principal,26
prodigal,26
rational,26
seneschal,26
several,26
sepulchral,26
temporal,26
terminal,26
tragical,26
whimsical,26
colloquial,26
dogmatical,26
equinoctial,26
equivocal,26
hymeneal,26
imperial,26
intellectual,26
original,26
poetical,26
political,26
problematical,26
prophetical,26
reciprocal,26
rhetorical,26
satirical,26
sempiternal,26
tyrannical,26
all,26
mall,26
shall,26
cabal,26
canal,26
cymbal,26
dismal,26
dual,26
equal,26
feudal,26
final,26
formal,26
legal,26
loyal,26
martial,26
medal,26
metal,26
mettle,26
mortal,26
naval,26
partial,26
pedal,26
portal,26
rival,26
regal,26
royal,26
rural,26
total,26
trivial,26
admiral,26
animal,26
annual,26
arsenal,26
autumnal,26
cannibal,26
capital,26
cardinal,26
carnival,26
comical,26
conjugal,26
cordial,26
corporal,26
criminal,26
critical,26
decimal,26
festival,26
funeral,26
general,26
genial,26
hospital,26
inimical,26
initial,26
interval,26
liberal,26
literal,26
littoral,26
madrigal,26
magical,26
medical,26
mineral,26
municipal,26
musical,26
mystical,26
natural,26
nocturnal,26
octagonal,26
pastoral,26
pedestal,26
personal,26
physical,26
bald,27
piebald,27
scald,27
emerald,27
auk,28
stalk,28
balk,28
talk,28
baulk,28
walk,28
calk,28
tomahawk,28
chalk,28
soak,28
hawk,28
catafalque,28
mawk,28
awl,29
ball,29
bawl,29
brawl,29
call,29
caul,29
crawl,29
drawl,29
fall,29
gall,29
hall,29
haul,29
mall,29
pall,29
scrawl,29
shawl,29
small,29
sprawl,29
squall,29
stall,29
tall,29
thrall,29
trawl,29
wall,29
appal,29
enthral,29
football,29
install,29
waterfall,29
windfall,29
cabal,29
fault,30
assault,30
halt,30
default,30
malt,30
exalt,30
salt,30
dolt,30
vault,30
thought,30
asphalt,30
calve,31
salve,31
halve,31
valve,31
bedlam,32
beldam,32
madam,32
quondam,32
wigwam,32
anagram,32
amalgam,32
diagram,32
diaphragm,32
epigram,32
monogram,32
oriflamb,32
telegram,32
parallelogram,32
dame,32
camp,33
stamp,33
champ,33
swamp,33
clamp,33
vamp,33
cramp,33
decamp,33
damp,33
encamp,33
pomp,33
scamp,33
cam,34
clam,34
cram,34
dam,35
damn,35
dram,35
flam,35
ham,35
jamb,35
kam,35
lamb,35
pam,35
ram,35
sham,35
swam,35
ban,35
trepan,35
bran,35
unman,35
can,35
artisan,35
clan,35
barracan,35
fan,35
caravan,35
man,35
charlatan,35
pan,35
plan,35
courtesan,35
ran,35
musician,35
scan,35
oppidan,35
span,35
ortolan,35
swan,36
ottoman,36
tan,36
partisan,36
van,36
pelican,36
wan,36
publican,36
began,36
cosmopolitan,36
divan,36
attitudinarian,36
foreran,36
latitudinarian,36
organ,36
platitudinarian,36
orphan,36
on,36
pagan,36
sedan,36
chance,37
expanse,37
dance,37
intrance,37
glance,37
mischance,37
lance,37
romance,37
prance,37
stance,37
trance,37
ambulance,37
advance,37
arrogance,37
askance,37
circumstance,37
balance,37
complaisance,37
enhance,37
concordance,37
blanch,38
branch,38
ganch,38
haunch,38
launch,38
band,39
bland,39
brand,39
gland,39
grand,39
hand,39
withstand,39
contraband,39
command,39
demand,39
land,39
sand,39
stand,39
strand,39
reprimand,39
bang,40
slang,40
clang,40
stang,40
fang,40
swang,40
gang,40
tang,40
thang,40
twang,40
pang,40
harangue,40
rang,40
long,40
sang,40
change,41
estrange,41
grange,41
exchange,41
range,41
interchange,41
strange,41
arrange,41
bank,42
brank,42
blank,42
clank,42
crank,42
rank,42
dank,42
shank,42
drank,42
slank,42
frank,42
spank,42
hank,42
stank,42
lank,42
thank,42
plank,42
disrank,42
prank,42
mountebank,42
ant,43
aslant,43
displant,43
cant,43
enchant,43
chant,43
gallant,43
grant,43
implant,43
pant,43
merchant,43
plant,43
mordant,43
rant,43
rampant,43
slant,43
recant,43
remnant,43
miscreant,43
servant,43
petulant,43
supplant,43
poignant,43
tenant,43
protestant,43
transplant,43
recreant,43
adamant,43
recusant,43
arrogant,43
ruminant,43
combatant,43
termagant,43
complaisant,43
vigilant,43
consonant,43
visitant,43
conversant,43
exorbitant,43
cormorant,43
extravagant,43
covenant,43
inhabitant,43
disputant,43
predominant,43
dissonant,43
significant,43
dominant,43
elegant,43
font,44
elephant,44
canet,44
ignorant,44
ufiorit,44
jubilant,44
faint,44
lieutenant,44
tent,44
militant,44
haunt,44
cap,45
pap,45
chap,45
rap,45
clap,45
sap,45
dap,45
scrap,45
fap,45
slap,45
flap,45
snap,45
strap,45
hap,45
tap,45
knapt,45
trap,45
lap,45
wrap,45
map,45
affrap,45
nap,45
entrap,45
enwrap,45
mishap,45
tape,46
ape,46
scape,46
cape,46
scrape,46
chape,46
shape,46
crape,46
tape,46
drape,46
trape,46
grape,46
escape,46
jape,46
heap,47
sleep,47
rape,48
nape,48
lapse,49
capes,49
elapse,49
trapse,49
perhaps,49
heaps,49
relapse,49
are,50
bar,50
hussar,50
car,50
liar,50
char,50
mortar,50
far,50
nectar,50
jax,50
unbar,50
mar,50
angular,50
pa,50
avatar,50
par,50
calendar,50
scar,50
caviare,50
spar,50
cinnabar,50
star,50
popular,50
tar,50
regular,50
war,50
secular,50
afar,50
scimitar,50
bazaar,50
singular,50
briar,50
titular,50
cellar,50
vinegar,50
catarrh,50
particular,50
cigar,50
perpendicular,50
collar,50
hare,50
debar,50
durbar,50
felspar,50
guitar,50
barb,51
rhubarb,51
garb,51
farce,52
sarse,52
parse,52
sparse,52
arch,53
starch,53
larch,53
countermarch,53
march,53
parch,53
church,54
search,54
bard,55
dastard,55
card,55
discard,55
guard,55
dotard,55
hard,55
drunkard,55
lard,55
leopard,55
nard,55
niggard,55
pard,55
petard,55
shard,55
regard,55
sward,55
renard,55
ward,55
retard,55
yard,55
vineyard,55
bastard,55
wizard,55
blackguard,55
disregard,55
blizzard,55
interlard,55
bombard,55
reward,55
lord,55
costard,55
aboard,55
coward,55
restored,55
custard,55
palm,56
psalm,56
qualm,56
alarm,56
becalm,56
disarm,56
gendarme,56
salaam,56
swarm,56
overcharge,57
surcharge,57
verge,58
urge,58
forge,58
barn,59
darn,59
tarn,59
yarn,59
warn,59
earn,59
spark,60
stark,60
embark,60
monarch,60
remark,60
hierarch,60
heresiarch,60
arc,60
ark,60
bark,60
cark,60
clerk,60
dark,60
lark,60
mark,60
counterscarp,61
warp,61
harsh,62
march,62
marsh,62
shark,63
braggart,63
depart,63
dispart,63
impart,63
counterpart,63
quart,64
port,64
dirt,64
hurt,64
court,64
art,65
cart,65
dart,65
hart,65
heart,65
mart,65
part,65
smart,65
start,65
tart,65
apart,65
calm,66
charm,66
farm,66
arm,66
balm,66
barm,66
carve,67
nerve,67
starve,67
ass,68
morass,68
brass,68
repass,68
class,68
surpass,68
crass,68
embarrass,68
lass,68
erysipelas,68
mass,68
has,68
pass,68
mace,69
alas,69
base,69
amass,69
toss,69
cuirass,69
was,69
harass,69
ash,70
bash,70
brash,70
cash,70
clash,70
crash,70
dash,70
flash,70
gash,70
gnash,70
hash,70
lash,70
mash,70
pash,70
plash,70
rash,70
sash,70
slash,70
smash,70
thrash,70
trash,70
abash,70
wash,70
bosh,70
quash,70
ask,71
flask,71
bask,71
hask,71
cask,71
mask,71
cataplasm,72
enthusiasm,72
protoplasm,72
theism,73
euphemism,73
hasp,74
rasp,74
wasp,74
wisp,74
blast,74
bombast,74
cast,74
forecast,74
caste,74
repast,74
fast,74
outcast,74
mast,74
overcast,74
last,74
enthusiast,74
past,74
iconoclast,74
vast,74
cost,74
aghast,74
avast,74
placed,75
baste,75
haste,75
chaste,75
paste,75
taste,75
past,75
waist,75
waste,75
bat,76
spot,76
brat,76
sprat,76
cat,76
tat,76
chat,76
that,76
fat,76
vat,76
fiat,76
cravat,76
gnat,76
cushat,76
hat,76
polecat,76
mat,76
acrobat,76
pat,76
rat,76
sat,76
bawd,77
applaud,77
broad,77
defraud,77
fraud,77
ode,77
laud,77
load,77
abroad,77
daunt,78
vaunt,78
gaunt,78
avaunt,78
haunt,78
ant,78
jaunt,78
canet,78
taunt,78
cause,79
applause,79
clause,79
because,79
gauze,79
was,79
pause,79
brave,80
slave,80
cave,80
stave,80
crave,80
wave,80
gave,80
behave,80
grave,80
deprave,80
knave,80
engrave,80
lave,80
forgave,80
nave,80
margrave,80
pave,80
outbrave,80
rave,80
architrave,80
save,80
shave,80
have,80
saw,81
squaw,81
straw,81
thaw,81
foresaw,81
cats-paw,81
guffaw,81
hawhaw,81
jackdaw,81
withdraw,81
overawe,81
bray,82
clay,82
day,82
dray,82
eh,82
fay,82
flay,82
fray,82
gay,82
grey,82
away,82
ballet,82
belay,82
betray,82
bewray,82
convey,82
decay,82
defray,82
delay,82
denay,82
dismay,82
display,82
awn,83
pawn,83
brawn,83
prawn,83
dawn,83
spawn,83
drawn,83
yawn,83
fawn,83
withdrawn,83
lawn,83
poll-tax,84
flax,84
nicknacks,84
lax,84
relax,84
tax,84
thorax,84
wax,84
parallax,84
borax,84
cakes,84
climax,84
may,85
nay,85
neigh,85
pay,85
play,85
pray,85
prey,85
ray,85
say,85
slay,85
stray,85
sway,85
they,85
way,85
weigh,85
whey,85
affray,85
allay,85
array,85
astray,85
asay,85
horseplay,85
hurrah,85
inlay,85
inveigh,85
portray,85
purvey,85
relay,85
subway,85
survey,85
disarray,85
roundelay,85
stowaway,85
runaway,85
cabriolet,85
tea,86
fee,86
decease,87
decrease,87
increase,87
release,87
surcease,87
frontispiece,87
less,88
lace,88
geese,89
rease,89
eece,89
peace,89
piece,89
apiece,89
caprice,89
beach,90
bleach,90
breach,90
each,90
peach,90
preach,90
reach,90
teach,90
impeach,90
beech,90
league,91
renege,91
teague,91
vague,91
fatigue,91
beg,91
intrigue,91
beak,92
sneak,92
bleak,92
speak,92
cheek,92
squeak,92
clique,92
streak,92
creak,92
teak,92
eke,92
weak,92
freak,92
week,92
leak,92
wreak,92
leek,92
antique,92
meek,92
bezique,92
peak,92
bespeak,92
pique,92
critique,92
reek,92
oblique,92
seek,92
break,92
sheik,92
brake,93
shriek,93
thick,93
sleek,93
deal,94
heal,94
deil,94
heel,94
eel,94
keel,94
feel,94
kneel,94
wheal,94
wheel,94
zeal,94
anneal,94
appeal,94
conceal,94
congeal,94
repeal,94
reveal,94
tell,95
tale,95
till,95
extreme,96
misdeem,96
redeem,96
supreme,96
him,97
ethm,97
name,97
team,97
teem,97
theme,97
beseem,97
beteem,97
blaspheme,97
esteem,97
dreamt,98
tempt,98
attempt,98
contempt,98
exempt,98
whelm,99
overwhelm,99
film,99
bean,100
sheen,100
clean,100
seen,100
dean,100
skein,100
even,100
spleen,100
glean,100
teen,100
green,100
wean,100
keen,100
ween,100
lean,100
yean,100
mean,100
between,100
mien,100
canteen,100
quean,100
careen,100
queen,100
convene,100
screen,100
demean,100
elm,101
helm,101
realm,101
wealth,101
commonwealth,102
health,102
stealth,102
beam,102
bream,102
cream,102
deem,102
dream,102
gleam,102
ream,102
scheme,102
scream,102
seam,102
seem,102
stream,102
demesne,102
margarine,102
foreseen,102
nicotine,102
machine,102
quarantine,102
obscene,102
submarine,102
routine,102
tambourine,102
serene,102
vaseline,102
terrene,102
velveteen,102
unclean,102
bane,103
crinoline,103
been,103
guillotine,103
bin,103
intervene,103
cheap,104
sleep,104
creep,104
steep,104
deep,104
sweep,104
heap,104
weep,104
keep,104
asleep,104
neap,104
beweep,104
peep,104
ship,104
sheep,104
shape,104
beer,105
clear,105
cheer,105
dear,105
deer,105
ear,105
fear,105
fleer,105
gear,105
hear,105
here,105
jeer,105
leer,105
mere,105
near,105
peer,105
queer,105
rear,105
sear,105
seer,105
sheer,105
smear,105
sneer,105
spear,105
sphere,105
steer,105
tier,105
veer,105
year,105
adhere,105
appear,105
austere,105
besmear,105
career,105
cohere,105
compeer,105
endear,105
revere,105
severe,105
sincere,105
veneer,105
auctioneer,105
bandolier,105
buccaneer,105
chandelier,105
chanticleer,105
chiffonier,105
disappear,105
domineer,105
engineer,105
gondolier,105
hemisphere,105
interfere,105
mountaineer,105
muleteer,105
musketeer,105
mutineer,105
persevere,105
pioneer,105
privateer,105
charioteer,105
dare,106
fair,106
berth,107
worth,107
birth,107
szvarth,107
dearth,107
hearth,107
earth,107
breath,107
mirth,107
north,107
beast,108
priest,108
east,108
best,108
feast,108
list,108
least,108
beat,109
complete,109
bleat,109
conceit,109
cheat,109
concrete,109
eat,109
deceit,109
feat,109
defeat,109
feet,109
discreet,109
fleet,109
discrete,109
greet,109
entreat,109
greit,109
escheat,109
heat,109
estreat,109
meat,109
replete,109
meet,109
retreat,109
mete,109
obsolete,109
neat,109
plebiscite,109
seat,109
bate,109
sheet,109
sleet,109
great,109
street,109
bet,110
sweet,110
sweat,110
treat,111
wheat,111
baith,112
faith,112
death,113
breath,113
tread,114
homestead,114
wed,114
abed,114
spree,114
behead,114
instead,114
misled,114
overspread,114
she,115
see,115
tea,115
thee,115
three,115
tree,115
agree,115
plead,115
bawbee,115
blade,115
decree,115
degree,115
foresee,115
maid,116
obeyed,116
heath,117
hath,117
neath,117
wrath,117
wraith,117
rath,117
bath,117
wreath,118
teeth,118
underneath,118
cometh,118
fed,119
fled,119
head,119
lead,119
read,119
red,119
said,119
shed,119
shred,119
sped,119
spread,119
stead,119
thread,119
beck,120
check,120
deck,120
fleck,120
geek,120
neck,120
peck,120
bathe,121
scathe,121
swathe,121
wreath,121
breathe,121
seethe,121
sheathe,121
wreathe,121
bequeathe,121
project,122
protect,122
reflect,122
reject,122
respect,122
select,122
subject,122
suspect,122
architect,122
circumspect,122
disaffect,122
disrespect,122
indirect,122
intellect,122
incorrect,122
recollect,122
retrospect,122
sect,122
affect,122
aspect,122
collect,122
correct,122
deject,122
direct,122
dissect,122
detect,122
effect,122
eject,122
elect,122
erect,122
expect,122
infect,122
inspect,122
neglect,122
object,122
edge,123
wedge,123
fledge,123
allege,123
hedge,123
knowledge,123
kedge,123
age,123
ledge,123
privilege,123
pledge,123
porridge,123
sedge,123
cleave,124
eave,124
eve,124
grieve,124
heave,124
leave,124
sleeve,124
thieve,124
weave,124
achieve,124
aggrieve,124
believe,124
bereave,124
conceive,124
deceive,124
unweave,124
perceive,124
receive,124
relieve,124
reprieve,124
disbelieve,124
interleave,124
interweave,124
live,125
lave,125
bed,126
bled,126
bread,126
bead,126
bleed,126
breed,126
heed,126
knead,126
lead,126
mead,126
meed,126
need,126
plead,126
read,126
seed,126
speed,126
steed,126
weed,126
concede,126
decreed,126
exceed,126
impede,126
indeed,126
linseed,126
precede,126
proceed,126
recede,126
succeed,126
stampede,126
intercede,126
supersede,126
velocipede,126
bed,127
bid,127
cleft,128
bereft,128
left,128
lift,128
theft,128
weft,128
whipfed,129
laughed,129
beg,130
egg,130
philabeg,130
leg,130
league,130
keg,130
vague,130
breeze,131
cheese,131
ease,131
freeze,131
please,131
seize,131
sneeze,131
squeeze,131
tease,131
these,131
wheeze,131
appease,131
disease,131
displease,131
bell,132
hell,132
belle,132
knell,132
cell,132
mell,132
dwell,132
quell,132
ell,132
sell,132
fell,132
shell,132
smell,132
spell,132
swell,132
tell,132
well,132
yell,132
befell,132
compel,132
dispel,132
excel,132
expel,132
foretell,132
gazelle,132
hotel,132
hovel,132
impel,132
laurel,132
libel,132
mongrel,132
petrel,132
rebel,132
repel,132
sorrel,132
towel,132
vowel,132
yokel,132
asphodel,133
calomel,133
citadel,133
doggerel,133
infidel,133
muscatel,133
parallel,133
sentinel,133
belt,134
dealt,134
dwelt,134
felt,134
gelt,134
delve,135
helve,135
shelve,135
twelve,135
anadem,136
apothegm,136
diadem,136
requiem,136
stratagem,136
tame,137
team,137
theme,137
gem,138
hem,138
kemb,138
phlegm,138
stem,138
them,138
anthem,138
condemn,138
contemn,138
eld,139
upheld,139
geld,139
withheld,139
held,139
healed,139
beheld,139
self,140
shelf,140
himself,140
dreamt,141
tempt,141
attempt,141
contempt,141
exempt,141
unkempt,141
prompt,141
den,142
fen,142
hen,142
ken,142
men,142
pen,142
ten,142
then,142
wren,142
amen,142
cozen,142
dozen,142
foemen,142
frozen,142
hyphen,142
omen,142
open,142
oxen,142
seamen,142
semen,142
whelk,143
milk,143
sharpen,144
syren,144
vixen,144
warden,144
acumen,144
citizen,144
denizen,144
oxygen,144
bane,145
bean,145
been,145
pence,146
sense,146
thence,146
whence,146
commence,146
condense,146
defence,146
dispense,146
expense,146
immense,146
incense,146
intense,146
nonsense,146
offence,146
pretence,146
prepense,146
prudence,146
silence,147
suspense,147
abstinence,147
conference,147
confidence,147
consequence,147
continence,147
difference,147
diffidence,147
diligence,147
eloquence,147
eminence,147
evidence,147
excellence,147
frankincense,147
inference,147
impotence,147
impudence,147
indigence,147
indolence,147
innocence,147
negligence,147
penitence,147
preference,147
providence,147
recompense,147
reference,147
residence,147
reverence,147
vehemence,147
violence,147
benevolence,147
circumference,147
concupiscence,147
indifference,147
intelligence,147
incontinence,147
impenitence,147
impertinence,147
improvidence,147
magnificence,147
munificence,147
omnipotence,147
dance,148
cleanse,148
dens,148
bench,149
blench,149
clench,149
drench,149
quench,149
stench,149
tench,149
trench,149
wench,149
wrench,149
intrench,149
retrench,149
tend,150
offend,150
vend,150
obtend,150
amend,150
portend,150
ascend,150
pretend,150
attend,150
protend,150
befriend,150
suspend,150
commend,150
transcend,150
contend,150
unbend,150
defend,150
apprehend,150
depend,150
comprehend,150
descend,150
condescend,150
distend,150
dividend,150
expend,150
recommend,150
extend,150
reprehend,150
forefend,150
reverend,150
impend,150
weaned,150
misspend,150
fiend,150
avenge,151
revenge,151
length,152
strength,152
bent,153
blent,153
brent,153
lament,153
hent,153
misspent,153
lent,153
overspent,153
pent,153
ostent,153
meant,153
present,153
rent,153
prevent,153
scent,153
relent,153
sent,153
repent,153
shent,153
resent,153
spent,153
rodent,153
tent,153
sergeant,153
solvent,153
went,153
strident,153
absent,153
student,153
ascent,153
tangent,153
assent,153
torment,153
attent,153
torrent,153
augment,153
unbent,153
cement,153
abasement,153
consent,153
accident,153
content,153
aliment,153
crescent,153
argument,153
descent,153
banishment,153
dissent,153
battlement,153
extent,153
blandishment,153
ferment,153
chastisement,153
foment,153
circumvent,153
frequent,153
concurrent,153
indent,153
competent,153
intent,153
complement,153
invent,153
compliment,153
condiment,153
nourishment,153
confident,153
nutriment,153
continent,153
corpulent,153
opulent,153
detriment,153
ornament,153
different,153
parliament,153
diligent,153
penitent,153
discontent,153
permanent,153
document,153
pertinent,153
element,153
precedent,153
eloquent,153
president,153
eminent,153
prevalent,153
evident,153
provident,153
excellent,153
punishment,153
excrement,153
ravishment,153
exigent,153
redolent,153
facculent,153
regiment,153
firmanent,153
represent,153
flatulent,153
resident,153
fraudulent,153
reticent,153
fundament,153
reverent,153
government,153
rudiment,153
imminent,153
sacrament,153
impertinent,153
sediment,153
implement,153
sentiment,153
impotent,153
settlement,153
impudent,153
subsequent,153
incident,153
succulent,153
indictment,153
supplement,153
indigent,153
tenement,153
indolent,153
testament,153
innocent,153
tournament,153
insolent,153
turbulent,153
instrument,153
underwent,153
languishment,153
vehement,153
ligament,153
violent,153
malcontent,153
virulent,153
management,153
accomplishment,153
monument,153
acknowledgment,153
negligent,153
admonishment,153
arbitrament,153
indifferent,153
armipotent,153
incandescent,153
astonishment,153
incompetent,153
belligerent,153
incontinent,153
bellipotent,153
intelligent,153
benevolent,153
irreverent,153
disparagement,153
lineament,153
embellishment,153
magnificent,153
establishment,153
malevolent,153
equivalent,153
mendicament,153
experiment,153
omnipotent,153
impenitent,153
temperament,153
imprisonment,153
paint,153
improvident,153
pant,153
nep,154
demirep,154
rep,154
reap,154
step,154
rape,154
sleep,154
crept,154
adept,154
kept,154
except,154
sept,154
intercept,154
slept,154
reaped,155
wept,155
peeped,155
blur,156
fir,156
burr,156
fur,156
cur,156
her,156
err,156
myrrh,156
pepper,157
sir,157
pilfer,157
slur,157
prefer,157
spur,157
plunger,157
stir,157
rambler,157
whirr,157
robber,157
aver,157
rooster,157
barber,157
rover,157
blister,157
scatter,157
brother,157
simper,157
cadger,157
singer,157
caper,157
sinner,157
cipher,157
sister,157
cloister,157
skipper,157
clover,157
sloper,157
codger,157
smatter,157
coster,157
smuggler,157
cruiser,157
soldier,157
dapper,157
sombre,157
daughter,157
spinster,157
derapster,157
stammer,157
deter,157
steamer,157
differ,157
stopper,157
douceur,157
stutter,157
foster,157
summer,157
ginger,157
temper,157
heifer,157
toper,157
hunger,157
trapper,157
inter,157
transfer,157
lawyer,157
trooper,157
leather,157
whisper,157
ledger,157
arbiter,157
leper,157
armiger,157
lobster,157
barrister,157
lover,157
bespatter,157
lubber,157
canister,157
martyr,157
character,157
master,157
chorister,157
miller,157
conjurer,157
miser,157
cottager,157
mitre,157
cucumber,157
murmur,157
cylinder,157
nadir,157
dowager,157
ogre,157
flatterer,157
oyster,157
forager,157
pauper,157
foreigner,157
forerunner,157
sorcerer,157
gardener,157
terrier,157
grasshopper,157
theatre,157
harbinger,157
thunderer,157
islander,157
traveller,157
lavender,157
usurer,157
lawgiver,157
villager,157
loiterer,157
victualler,157
lucifer,157
voyager,157
mariner,157
waggoner,157
massacre,157
wanderer,157
messenger,157
administer,157
minister,157
adulterer,157
murderer,157
artificer,157
officer,157
astronomer,157
passenger,157
astrologer,157
pillager,157
filibuster,157
presbyter,157
idolater,157
prisoner,157
interpreter,157
provender,157
philosopher,157
register,157
amphitheatre,157
reveller,157
precentor,157
sepulchre,157
sugar,157
slanderer,157
fear,157
sophister,157
church,158
smirch,158
lurch,158
research,158
perch,158
preach,158
search,158
parch,158
bird,159
bard,159
heard,159
feared,159
herd,159
weird,159
sherd,159
yearn,160
adjourn,160
concern,160
discern,160
return,160
sojourn,160
overturn,160
mourn,160
born,160
scurf,161
serf,161
surt,161
dirge,162
merge,162
purge,162
scourge,162
serge,162
surge,162
urge,162
verge,162
diverge,162
emerge,162
immerge,162
forge,162
curse,163
hearse,163
nurse,163
purse,163
terse,163
verse,163
worse,163
accurse,163
adverse,163
amerce,163
asperse,163
averse,163
coerce,163
converse,163
commerce,163
disperse,163
immerse,163
perverse,163
rehearse,163
reverse,163
traverse,163
intersperse,163
reimburse,163
universe,163
fierce,164
farce,164
course,164
firm,165
term,165
worm,165
affirm,165
confirm,165
harm,165
bum,165
chum,165
dern,166
earn,166
fern,166
hern,166
kerne,166
learn,166
quern,166
spurn,166
stem,166
tern,166
turn,166
urn,166
blurt,167
curt,167
dirt,167
flirt,167
hurt,167
pert,167
shirt,167
skirt,167
spurt,167
squirt,167
vert,167
divert,167
wert,167
exert,167
wort,167
expert,167
advert,167
inert,167
assert,167
insert,167
avert,167
invert,167
concert,167
pervert,167
convert,167
subvert,167
culvert,167
controvert,167
desert,167
part,167
dessert,167
fort,167
curve,168
disserve,168
nerve,168
observe,168
serve,168
preserve,168
swerve,168
reserve,168
conserve,168
subserve,168
deserve,168
carve,168
bless,169
actress,169
cess,169
address,169
chess,169
artless,169
cress,169
assess,169
dress,169
caress,169
guess,169
compress,169
less,169
confess,169
mess,169
congress,169
press,169
stress,169
countess,169
countless,169
tress,169
depress,169
yes,169
digress,169
abbess,169
distress,169
abscess,169
duchess,169
access,169
duress,169
repress,169
express,169
sadness,169
excess,169
seamstress,169
fortress,169
sickness,169
fruitless,169
spotless,169
gladness,169
success,169
guileless,169
tigress,169
guiltless,169
transgress,169
hopeless,169
acquiesce,169
impress,169
adultress,169
largess,169
bashfulness,169
madness,169
coalesce,169
oppress,169
effervesce,169
possess,169
pennyless,169
princess,169
foolhardiness,169
profess,169
pass,169
recess,169
place,169
redress,169
thresh,169
afresh,169
refresh,169
mash,169
desk,170
arabesque,170
burlesque,170
picturesque,170
grotesque,170
ask,170
moresque,170
risk,170
best,171
chest,171
breast,171
crest,171
flesh,171
fresh,171
mesh,171
nesh,171
guest,171
jest,171
divest,171
infest,171
lest,171
inquest,171
nest,171
invest,171
pest,171
molest,171
quest,171
obtest,171
rest,171
protest,171
test,171
request,171
vest,171
suggest,171
west,171
unrest,171
abreast,171
interest,171
arrest,171
manifest,171
attest,171
overdrest,171
bequest,171
palimpsest,171
contest,171
past,171
detest,171
digest,171
beast,171
bet,172
cadet,172
debt,172
carpet,172
fret,172
coquet,172
get,172
coquette,172
jet,172
corset,172
let,172
couplet,172
met,172
cricket,172
net,172
cygnet,172
set,172
diet,172
sweat,172
dulcet,172
threat,172
fidget,172
wet,172
forget,172
whet,172
gazette,172
yet,172
hamlet,172
abet,172
leaflet,172
banquet,172
magnet,172
basket,172
pamphlet,172
beget,172
picket,172
beset,172
piquette,172
blanket,172
quiet,172
bracelet,172
quartet,172
brunette,172
quintet,172
regret,172
coronet,172
rosette,172
epaulette,172
roulette,172
epithet,172
sestet,172
etiquette,172
serviette,172
floweret,172
signet,172
marionette,172
streamlet,172
martinet,172
target,172
mignonette,172
ticket,172
minaret,172
toilet,172
minuet,172
triplet,172
novelette,172
upset,172
omelette,172
vignette,172
parapet,172
habet,172
parroquet,172
amulet,172
pirouette,172
anchoret,172
rivulet,172
basinet,172
violet,172
bayonet,172
wagonette,172
castinet,172
bate,172
cigarette,172
beat,172
fetch,172
wretch,172
sketch,172
stretch,172
cue,173
few,173
dew,173
hew,173
due,173
hue,173
mildew,173
knew,173
nephew,173
mew,173
perdue,173
new,173
purlieu,173
pew,173
pursue,173
sue,173
renew,173
view,173
review,173
yew,173
statue,173
adieu,173
subdue,173
anew,173
avenue,173
askew,173
impromptu,173
bedew,173
interview,173
bellevue,173
parvenu,173
curfew,173
residue,173
emew,173
retinue,173
endue,173
revenue,173
ensue,173
flew,173
eschew,173
coo,173
imbue,173
sex,174
perplex,174
vex,174
reflex,174
annex,174
vortex,174
apex,174
circumflex,174
codex,174
wax,174
complex,174
takes,174
convex,174
likes,174
index,174
bib,175
nib,175
crib,175
rib,175
squib,175
glib,175
bribe,176
inscribe,176
kibe,176
prescribe,176
scribe,176
proscribe,176
tribe,176
subscribe,176
ascribe,176
transcribe,176
describe,176
diatribe,176
imbibe,176
superscribe,176
dice,177
spice,177
ice,177
splice,177
mice,177
rice,177
nice,177
thrice,177
price,177
slice,177
trice,177
vice,177
sacrifice,177
advice,177
jaundice,177
concise,177
edifice,177
device,177
kiss,177
entice,177
demise,177
precise,177
size,178
suffice,178
chick,179
choleric,179
kick,179
didactic,179
lick,179
dogmatic,179
nick,179
domestic,179
pick,179
dramatic,179
quick,179
electric,179
sick,179
emetic,179
stick,179
emphatic,179
thick,179
erratic,179
tick,179
euphonic,179
trick,179
exotic,179
attic,179
forensic,179
arctic,179
heretic,179
antic,179
iambic,179
caustic,179
fantastic,179
chronic,179
lunatic,179
colic,179
lymphatic,179
comic,179
magnetic,179
critic,179
majestic,179
cynic,179
mechanic,179
drastic,179
mimetic,179
hectic,179
memphitic,179
physic,179
narcotic,179
picnic,179
nomadic,179
plastic,179
pacific,179
rustic,179
pathetic,179
acrostic,179
phlegmatic,179
agnostic,179
plethoric,179
aquatic,179
poetic,179
artistic,179
politic,179
bucolic,179
prophetic,179
prognostic,179
dyspeptic,179
quixotic,179
eccentric,179
realistic,179
epidemic,179
rhetoric,179
hieroglyphic,179
romantic,179
idiomatic,179
schismatic,179
morganatic,179
splenetic,179
paleocrystic,179
antiseptic,179
panegyric,179
antagonistic,179
peripatetic,179
arithmetic,179
prognostic,179
beatific,179
cabalistic,179
strict,180
inflict,180
addict,180
relict,180
afflict,180
contradict,180
convict,180
conflict,180
bid,181
foetid,181
chid,181
forbid,181
grid,181
frigid,181
hid,181
hybrid,181
kid,181
morbid,181
lid,181
orchid,181
quid,181
placid,181
rid,181
rabid,181
slid,181
solid,181
squid,181
sordid,181
acid,181
torpid,181
amid,181
turgid,181
arid,181
bide,181
bestrid,181
bead,181
eyelid,181
florid,181
bide,182
bride,182
chide,182
glide,182
gride,182
guide,182
hide,182
nide,182
pied,182
pride,182
ride,182
side,182
slide,182
stride,182
tide,182
wide,182
abide,182
aside,182
astride,182
betide,182
beads,182
besides,182
bids,182
bridge,183
steerage,183
fidge,183
privilege,183
midge,183
sacrilege,183
ridge,183
age,183
abridge,183
edge,183
college,183
beside,184
bestride,184
collide,184
confide,184
decide,184
deride,184
divide,184
misguide,184
preside,184
provide,184
reside,184
subside,184
parricide,184
regicide,184
subdivide,184
suicide,184
infanticide,184
bead,185
bid,185
thief,186
belief,186
relief,186
deaf,186
clef,186
chef,186
leaf,186
cliff,186
assiege,187
besiege,187
field,187
afield,187
shield,187
healed,187
weald,187
weald,187
wield,187
gild,187
yield,187
beef,188
brief,188
chief,188
fief,188
grief,188
lief,188
sheaf,188
reef,188
liege,189
siege,189
leak,190
antique,190
pensile,191
revile,191
crocodile,191
reconcile,191
bibliophile,191
bill,192
boil,192
child,193
gild,193
mild,193
build,193
aisle,194
tile,194
bile,194
vile,194
chyle,194
while,194
file,194
awhile,194
guile,194
beguile,194
isle,194
compile,194
mile,194
defile,194
pile,194
edile,194
smile,194
erewhile,194
stile,194
exile,194
style,194
gentile,194
bill,195
thrill,195
chill,195
till,195
drill,195
trill,195
fill,195
will,195
frill,195
distil,195
gill,195
fulfil,195
grill,195
idyll,195
hill,195
instil,195
ill,195
missile,195
kill,195
pencil,195
mill,195
peril,195
pill,195
quill,195
codicil,195
rill,195
daffodil,195
shrill,195
deshabille,195
skill,195
utensil,195
spill,195
still,195
swill,195
quilt,196
stilt,196
spilt,196
tilt,196
filth,197
spilth,197
tilth,197
brim,198
skim,198
dim,198
slim,198
glim,198
trim,198
grim,198
whim,198
him,198
pilgrim,198
hymn,198
pseudonym,198
limb,198
synonym,198
limn,198
prim,199
rim,199
chime,199
rhyme,199
climb,199
slime,199
clime,199
time,199
crime,199
thyme,199
grime,199
sublime,199
lime,199
maritime,199
mime,199
overtime,199
prime,199
betimes,200
sometimes,200
gimp,201
limp,201
imp,201
pimp,201
jimp,201
glimpse,201
limps,201
bin,202
griffin,202
chin,202
margin,202
din,202
maudlin,202
fin,202
muffin,202
gin,202
raisin,202
grin,202
ruin,202
inn,202
sanguine,202
kin,202
satin,202
lin,202
tiffin,202
pin,202
tocsin,202
shin,202
virgin,202
sin,202
urchin,202
skin,202
welkin,202
spin,202
cannakin,202
thin,202
javelin,202
tin,202
kilderkin,202
twin,202
mandolin,202
whin,202
manikin,202
win,202
origin,202
akin,202
palanquin,202
begin,202
violin,202
buskin,202
chagrin,202
codlin,202
machine,202
mince,203
since,203
prince,203
wince,203
quince,203
convince,203
rinse,203
evince,203
clinch,204
pinch,204
finch,204
winch,204
inch,204
linked,205
instinct,205
tinct,205
precinct,205
distinct,205
succinct,205
extinct,205
bind,206
wind,206
blind,206
behind,206
find,206
remind,206
grind,206
unkind,206
kind,206
rescind,206
mind,206
joined,206
rind,206
brine,207
dine,207
chine,207
eyne,207
fine,207
entwune,207
kine,207
incline,207
linee,207
indign,207
min,207
opine,207
nine,207
recline,207
pine,207
refine,207
shine,207
repine,207
sign,207
saline,207
sine,207
supine,207
shrine,207
alkaline,207
syne,207
brigantine,207
thine,207
columbine,207
trine,207
concubine,207
twine,207
countermine,207
vine,207
crystalline,207
whine,207
incarnadine,207
wine,207
interline,207
assign,207
leonine,207
combine,207
porcupine,207
condign,207
superfine,207
confine,207
turpentine,207
consign,207
undermine,207
decline,207
tin,207
define,207
genuine,207
design,207
heroine,207
divine,207
adamantine,207
enshrine,207
bring,208
string,208
cling,208
swing,208
giag,208
thing,208
fling,208
wing,208
king,208
wring,208
ring,208
darling,208
sing,208
foundling,208
sling,208
starling,208
spring,208
sterling,208
sting,208
stripling,208
suckling,208
underling,208
yearling,208
cringe,208
tinge,208
dinge,208
twinge,208
fringe,208
lozenge,208
hinge,208
infringe,208
singe,208
orange,208
springe,208
syringe,208
swinge,208
blink,209
sink,209
brink,209
skink,209
chink,209
slink,209
clink,209
stink,209
drink,209
swink,209
ink,209
think,209
link,209
wink,209
pink,209
zinc,209
rink,209
bethink,209
shrink,209
forethink,209
dint,210
quint,210
flint,210
squint,210
hint,210
tint,210
lint,210
asquint,210
mint,210
imprint,210
print,210
absinthe,211
hyacinth,211
plinth,211
labyrinth,211
jinks,212
sphinx,212
minx,212
chip,212
clip,212
dip,212
drip,212
hip,212
lip,212
nip,212
rip,212
pip,212
scrip,212
ship,212
sip,212
skip,212
slip,212
snip,212
strip,212
tip,212
trip,212
whip,212
courtship,212
cowslip,212
equip,212
friendship,212
gossip,212
hardship,212
horsewhip,212
landslip,212
township,212
tulip,212
turnip,212
worship,212
fellowship,212
workmanship,212
wipe,213
weep,213
com,213
gripe,213
wipe,213
pipe,213
archetype,213
ripe,213
prototype,213
snipe,213
stereotype,213
stripe,213
type,213
weep,213
nips,214
clips,214
pipes,215
wipes,215
dire,215
aspire,215
fire,215
attire,215
gyre,215
conspire,215
hire,215
desire,215
ire,215
entire,215
lyre,215
expire,215
mire,215
inspire,215
pyre,215
inquire,215
quire,215
require,215
sire,215
retire,215
spire,215
satire,215
squire,215
transpire,215
tire,215
umpire,215
wire,215
friar,215
acquire,215
prior,215
admire,215
satyr,215
burke,216
murk,216
dirk,216
perk,216
firk,216
quirk,216
jerk,216
smirk,216
kirk,216
stirk,216
lurk,216
work,216
chirm,217
affirm,217
firm,217
confirm,217
term,217
infirm,217
worm,217
birth,218
mirth,218
dearth,218
worth,218
earth,218
north,218
his,219
whiz,219
fizz,219
breeches,219
phiz,219
bliss,220
service,221
hiss,221
thesis,221
kiss,221
analysis,221
miss,221
antithesis,221
spiss,221
artifice,221
this,221
chrysalis,221
wis,221
emphasis,221
abyss,221
paralysis,221
amis,221
prejudice,221
axis,221
prolapsis,221
chalice,221
synthesis,221
crisis,221
verdigris,221
dais,221
amanuensis,221
dismiss,221
aposiopesis,221
gratis,221
diagnosis,221
jaundice,221
metamorphosis,221
lattice,221
metempsychosis,221
lettuce,221
metropolis,221
notice,221
necropolis,221
novice,221
parenthesis,221
phthisis,221
nice,222
remiss,222
guise,222
advise,222
prize,223
assize,223
rise,223
chastise,223
size,223
comprise,223
wise,223
despise,223
devise,223
exercise,223
disguise,223
idolise,223
excise,223
pulverise,223
premise,223
realise,223
revise,223
improvise,223
supplies,223
sacrifise,223
surmise,223
signalise,223
surprise,223
solemnise,223
agonise,223
summarise,223
authorise,223
sympathise,223
canonise,223
tyrannise,223
catechise,223
immortalise,223
circumcise,223
systematise,223
civilise,223
ice,223
criticise,223
hiss,223
enterprise,223
cries,223
tries,223
cuish,224
parish,224
dish,224
perish,224
fish,224
radish,224
pish,224
relish,224
banish,224
squeamish,224
cherish,224
rubbish,224
finish,224
astonish,224
flourish,224
nourish,224
demolish,224
brisk,225
basilisk,225
disc,225
obelisk,225
frisk,225
odalisque,225
risk,225
tamarisk,225
whisk,225
chrism,226
prism,226
schism,226
abysm,226
altruism,226
baptism,226
theism,226
truism,226
aphorism,226
barbarism,226
cataclysm,226
criticism,226
egotism,226
euphemism,226
euphuism,226
heroism,226
hypnotism,226
mesmerism,226
mysticism,226
nepotism,226
organism,226
occultism,226
optimism,226
pantheism,226
pessimism,226
plagiarism,226
radicalism,226
realism,226
socialism,226
solecism,226
stoicism,226
syllogism,226
vandalism,226
vulgarism,226
witticism,226
anachronism,226
malthusianism,226
chasm,226
crisp,227
wisp,227
lisp,227
fist,227
chemist,227
list,227
consist,227
mist,227
desist,227
twist,227
dentist,227
whist,227
exist,227
wrist,227
insist,227
assist,227
linguist,227
artist,227
papist,227
persist,227
pessimist,227
resist,227
pianist,227
sophist,227
pugilist,227
subsist,227
rhapsodist,227
alchemist,227
ritualist,227
amethyst,227
satirist,227
annalist,227
socialist,227
analyst,227
vocalist,227
bigamist,227
anatomist,227
dogmatist,227
antagonist,227
eucharist,227
diplomatist,227
exorcist,227
evangelist,227
herbalist,227
rationalist,227
humourist,227
oculist,227
sliced,227
optimist,227
laced,227
organist,227
bit,228
commit,228
cit,228
emit,228
chit,228
forfeit,228
fit,228
hermit,228
flit,228
minute,228
grit,228
omit,228
hit,228
outwit,228
knit,228
orbit,228
pit,228
permit,228
quit,228
pewit,228
sit,228
rabbit,228
split,228
refit,228
twit,228
remit,228
whit,228
submit,228
wit,228
transmit,228
writ,228
benefit,228
acquit,228
jesuit,228
admit,228
perquisite,228
biscuit,228
beat,228
bowsprit,228
bitch,229
fitch,229
ditch,229
flitch,229
hitch,229
itch,229
niche,229
stitch,229
switch,229
pitch,229
rich,229
twitch,229
bite,230
slight,230
blight,230
smite,230
bright,230
spite,230
cite,230
sprite,230
dight,230
tight,230
fight,230
trite,230
flight,230
white,230
fright,230
wight,230
height,230
write,230
kite,230
accite,230
knight,230
affright,230
light,230
alight,230
mite,230
aright,230
night,230
bedight,230
pight,230
benight,230
plight,230
contrite,230
quite,230
delight,230
right,230
despite,230
rite,230
excite,230
sight,230
foresight,230
incite,230
disunite,230
indict,230
appetite,230
indite,230
coenobite,230
invite,230
dynamite,230
midnight,230
expedite,230
moonlight,230
oversight,230
polite,230
parasite,230
recite,230
proselyte,230
requite,230
reunite,230
twilight,230
satellite,230
unite,230
stalactite,230
upright,230
sybarite,230
zoophyte,230
archimandrite,230
aconite,230
vcit,230
acolyte,230
favourite,230
anchorite,230
frith,231
sith,231
kith,231
smith,231
pith,231
zenith,231
with,231
blithe,231
tithe,231
hithe,231
writhe,231
lithe,231
with,231
scythe,231
dive,232
five,232
drive,232
gyve,232
which,233
witch,233
bewitch,233
enrich,233
etch,233
hatch,233
botch,233
hive,234
connive,234
rive,234
contrive,234
shrive,234
deprive,234
strive,234
derive,234
thrive,234
revive,234
alive,234
survive,234
arrive,234
give,234
perspective,234
live,234
positive,234
sieve,234
punitive,234
active,234
purgative,234
forgive,234
relative,234
furtive,234
sensitive,234
massive,234
subjective,234
motive,234
talkative,234
native,234
affirmative,234
outlive,234
contemplative,234
passive,234
demonstrativ,234
pensive,234
diminutive,234
restive,234
distributive,234
suasive,234
imaginative,234
votive,234
inquisitive,234
fugitive,234
prerogative,234
laxative,234
submissive,234
narrative,234
restorative,234
objective,234
fix,235
onyx,235
six,235
prefix,235
mix,235
statics,235
nix,235
transfix,235
affix,235
crucifix,235
matrix,235
intermix,235
mechanics,235
mathematics,235
hydrostatics,235
rheumatics,235
roe,236
sloe,236
though,236
throe,236
woe,236
ago,236
banjo,236
bureau,236
chapeau,236
chateau,236
cocoa,236
dado,236
depot,236
echo,236
grotto,236
gusto,236
negro,236
photo,236
plateau,236
polo,236
quarto,236
rondeau,236
solo,236
stingo,236
zero,236
apropos,236
calico,236
cameo,236
domino,236
novo,237
embryo,237
falsetto,237
fandango,237
folio,237
indigo,237
petto,237
libretto,237
mistletoe,237
mulatto,237
octavo,237
piano,237
portmanteau,237
sirocco,237
soprano,237
braggadocio,237
imbroglio,237
magnifico,237
innuendo,237
oratorio,237
peccadillo,237
seraglio,237
generalissimo,237
quo,237
broach,238
encroach,238
brooch,238
reproach,238
coach,238
loach,238
notch,238
poach,238
approach,238
abroach,238
much,239
church,239
stiletto,240
tobacco,240
tomato,240
tornado,240
torpedo,240
virago,240
volcano,240
adagio,240
duodecimo,240
block,241
brock,241
cock,241
clock,241
crock,241
dock,241
flock,241
frock,241
hough,241
knock,241
lock,241
lough,241
mock,241
shock,241
sock,241
sob,242
squab,242
swab,242
throb,242
cabob,242
hobnob,242
nabob,242
globe,243
conglobe,243
rob,244
rub,244
stock,245
toque,245
rock,245
bannock,245
bullock,245
havoc,245
haycock,245
hillock,245
padlock,245
peacock,245
pibroch,245
shamrock,245
rod,246
shod,246
sod,246
tod,246
trod,246
wad,246
ode,247
owed,247
blood,247
trough,248
loaf,248
roof,248
rough,248
commode,249
corrode,249
explode,249
forebode,249
mode,249
episode,249
incommode,249
hood,250
hod,250
fraud,250
shog,251
agog,251
prologue,251
catalogue,251
demagogue,251
dialogue,251
epilogue,251
pedagogue,251
synagogue,251
rogue,251
prorogue,251
bode,252
code,252
goad,252
load,252
mode,252
node,252
ode,252
road,252
rode,252
toad,252
woad,252
abode,252
dome,253
tome,253
foam,253
hum,253
home,253
come,253
loam,253
dumb,253
mome,253
tomb,253
roam,253
pomp,254
swamp,254
romp,254
con,255
pardon,255
don,255
parson,255
gone,255
poison,255
swan,255
prison,255
anon,255
reason,255
arson,255
season,255
bonbon,255
squadron,255
canon,255
tendon,255
cannon,255
amazon,255
colon,255
battalion,255
felon,255
cinnamon,255
clarion,255
lemon,255
non,255
jargon,255
environ,255
mammon,255
halcyon,255
horizon,255
criterion,255
lexicon,255
diapason,255
million,255
phenomenon,255
myrmidon,255
non,255
orison,255
con,255
won,255
simpleton,255
automaton,255
bond,256
despond,256
conned,256
second,256
donned,256
correspond,256
fond,256
diamond,256
pond,256
vagabond,256
abscond,256
stunned,256
almond,256
moaned,256
beyond,256
bone,257
moan,257
cone,257
prone,257
drone,257
stone,257
groan,257
tone,257
hone,257
throne,257
loan,257
zone,257
lone,257
alone,257
atone,257
undertone,257
dethrone,257
own,257
enthrone,257
dawn,257
postpone,257
moon,257
monotone,257
dun,257
telephone,257
long,258
among,258
prong,258
belong,258
song,258
ding-dong,258
strong,258
prolong,258
thong,258
throng,258
hung,258
wrong,258
tongue,258
along,258
ont,259
want,259
wont,259
front,259
blew,260
crew,260
blue,260
drew,260
brew,260
glue,260
chew,260
grew,260
clue,260
coup,261
coo,262
fou,260
loo,260
canoe,260
cuckoo,260
debut,260
imbrue,260
shampoo,260
taboo,260
tattoo,260
undo,260
withdrew,260
yahoo,260
billet-doux,260
entre,260
nous,260
cockatoo,260
kangaroo,260
knew,260
hue,260
brood,261
wooed,261
brewed,261
feud,261
cooed,261
attitude,261
food,261
good,261
mood,261
cud,261
rude,261
hoof,262
behoof,262
disproof,262
proof,262
reproof,262
roof,262
ruff,262
woof,262
enough,262
aloof,262
rue,263
screw,263
shrew,263
slew,263
threw,263
through,263
too,263
true,263
two,263
who,263
woo,263
you,263
accrue,263
ado,263
bamboo,263
bas-blue,263
canoe,263
book,264
shook,264
brook,264
took,264
cook,264
betook,264
crook,264
forsook,264
fluke,264
mistook,264
hook,264
undertook,264
look,264
rook,264
buck,265
broke,265
tool,266
befool,266
cesspool,266
pule,266
pull,266
bloom,267
doom,267
gloom,267
groom,267
loom,267
plume,267
rheum,267
room,267
spoora,267
prune,267
shoon,267
soon,267
spoon,267
swoon,267
balloon,267
basoon,267
buffoon,267
cartoon,267
cocoon,267
dragoon,267
festoon,267
lagoon,267
lampoon,267
monsoon,267
poltroon,267
pontoon,267
quadroon,267
shalloon,267
simoon,267
typhoon,267
honeymoon,267
octoroon,267
pantaloon,267
tune,267
hewn,267
dun,267
moon,267
stoop,268
stoup,268
troop,268
whoop,268
nincompoop,268
dupe,268
hope,269
hop,269
boor,270
moor,270
poor,270
sure,270
tour,270
your,270
amour,270
contour,270
detour,270
paramour,270
bore,270
door,270
pure,270
tower,270
develop,271
envelop,271
cope,271
cup,271
coop,271
bishop,271
collop,271
gallop,271
scallop,271
trollop,271
soot,272
cheroot,272
uproot,272
vote,272
coat,272
foot,272
got,272
boot,272
coot,272
flute,272
hoot,272
loot,272
moot,272
root,272
shoot,272
elope,273
antelope,273
envelope,273
heliotrope,273
horoscope,273
interlope,273
kaleidoscope,273
microscope,273
misanthrope,273
telescope,273
hoop,273
hop,273
cope,273
hope,273
grope,273
mope,273
ope,273
pope,273
rope,273
soap,273
scope,273
slope,273
trope,273
aslope,273
youth,274
truth,274
uncouth,274
both,274
booth,274
smooth,274
soothe,274
tooth,274
flavour,275
horror,276
honour,276
labour,276
mirror,276
motor,276
parlour,276
pnor,276
sailor,276
corps,276
tor,276
war,276
abhor,276
anchor,276
author,276
doctor,276
donor,276
hector,276
scorn,277
shorn,277
sorn,277
sworn,277
thorn,277
tom,277
worn,277
adorn,277
foreborne,277
foresworn,277
forlorn,277
lovelorn,277
suborn,277
capricorn,277
chloroform,277
multiform,277
overborne,277
thunderstorm,277
unicorn,277
uniform,277
bourn,277
mourn,277
urn,278
concern,278
coarse,279
corse,279
course,279
force,279
horse,279
morse,279
torse,279
endorse,279
remorse,279
unhorse,279
worse,279
hearse,279
purse,279
wart,280
cohort,280
consort,280
distort,280
exhort,280
extort,280
report,280
resort,280
retort,280
ought,281
caught,281
forth,282
fourth,282
north,282
wrath,282
worth,282
earth,282
mirth,282
chose,283
close,283
doze,283
foes,283
froze,283
goes,283
glose,283
hose,283
nose,283
pose,283
prose,283
rose,283
those,283
toes,283
arose,283
compose,283
depose,283
disclose,283
dispose,283
enclose,283
expose,283
foreclose,283
impose,283
oppose,283
propose,283
repose,283
suppose,283
transpose,283
discompose,283
interpose,283
presuppose,283
recompose,283
gross,283
dose,283
jocose,283
bellicose,283
choose,283
lose,283
glows,283
loss,284
albatross,284
moss,284
chaos,284
us,284
emboss,284
asbestos,284
across,284
close,285
bathos,285
dose,285
cost,286
exhaust,286
frost,286
ghost,286
lost,286
post,286
tossed,286
toast,286
accost,286
must,286
holocaust,286
blot,287
not,287
clot,287
plot,287
cot,287
pot,287
got,287
quat,287
grot,287
rot,287
hot,287
shot,287
jot,287
sot,287
knot,287
spot,287
lot,287
squat,287
trot,287
counterplot,287
yacht,287
idiot,287
allot,287
melilot,287
ballot,287
polyglot,287
bigot,287
vote,287
boycot,287
quote,287
complot,287
but,287
forgot,287
ought,287
apricot,287
blotch,288
notch,288
botch,288
watch,288
crotch,288
bloat,289
mote,289
boat,289
note,289
coat,289
quote,289
dote,289
rote,289
float,289
smote,289
goat,289
throat,289
gloat,289
tote,289
groat,289
vote,289
lote,289
wrote,289
afloat,289
denote,289
devote,289
lifeboat,289
misquote,289
promote,289
remote,289
anecdote,289
antidote,289
asymptote,289
petticoat,289
oath,290
growth,290
doth,290
couch,291
crouch,291
ouch,291
pouch,291
slouch,291
vouch,291
avouch,291
barouche,291
coach,291
cough,292
chough,292
rough,292
slough,292
sough,292
tough,292
bough,292
plough,292
nough,292
lough,292
hiccough,292
slough,292
through,293
too,293
dough,294
toe,294
though,294
ought,295
awe,295
thought,296
aught,296
bought,296
brought,296
caught,296
fought,296
fraught,296
naught,296
nought,296
ought,296
sought,296
taught,296
thought,296
wrought,296
besought,296
bethought,296
forethought,296
methought,296
knot,297
yacht,297
cloud,298
enshroud,298
crowd,298
oercloud,298
proud,298
shroud,298
flood,299
aloud,299
mud,299
bounce,300
flounce,300
pounce,300
drouth,301
truth,301
mouth,301
youth,301
south,301
mouth,301
move,302
smooth,302
groove,302
prove,302
approve,302
flow,303
glow,303
grow,303
know,303
low,303
mow,303
owe,303
row,303
shrub,304
slub,304
snub,304
tub,304
beelzebub,304
buck,305
duck,305
luck,305
muck,305
pluck,305
struck,305
sucked,305
conduct,305
ducked,305
deduct,305
instruct,305
obstruct,305
aqueduct,305
viaduct,305
goose,306
juice,306
moose,306
puce,306
sluice,306
spruce,306
truce,306
abuse,306
obstruse,306
conduce,306
deduce,306
disuse,306
excuse,306
induce,306
misuse,306
obtuse,306
produce,306
propose,306
recluse,306
reduce,306
seduce,306
traduce,306
introduce,306
noose,306
touch,307
retouch,307
pitch,308
blood,309
rud,309
bud,309
wood,310
could,310
would,310
brotherhood,310
flood,310
likelihood,310
good,310
neighbourhood,310
hood,310
understood,310
scud,310
rood,310
should,310
stood,310
stud,310
snood,310
lassitude,310
allude,310
latitude,310
conclude,310
longitude,310
delude,310
magnitude,310
elude,310
multitude,310
exclude,310
platitude,310
exude,310
plenitude,310
include,310
promptitude,310
intrude,310
servitude,310
obtrude,310
solitude,310
protrude,310
beatitude,310
seclude,310
ingratitude,310
altitude,310
inaptitude,310
aptitude,310
similitude,310
attitude,310
solicitude,310
fortitude,310
vicissitude,310
gratitude,310
hood,310
habitude,310
bud,310
interlude,310
could,310
budge,311
sludge,311
drudge,311
smudge,311
fudge,311
trudge,311
grudge,311
adjudge,311
judge,311
prejudge,311
nudge,311
bluff,312
rough,312
buff,312
ruff,312
chough,312
slough,312
chuff,312
snuff,312
cuff,312
stuff,312
gruff,312
tough,312
huff,312
enough,312
luff,312
rebuff,312
muff,312
counterbuff,312
bug,313
rug,313
drug,313
shrug,313
dug,313
slug,313
hug,313
smug,313
jug,313
snug,313
lug,313
tug,313
mug,313
humbug,313
pug,313
importune,314
tune,314
soon,314
jejune,314
sun,314
untune,314
bung,315
stung,315
clung,315
sung,315
dung,315
swung,315
flung,315
tongue,315
hung,315
wrung,315
rung,315
young,315
slung,315
among,315
sprung,315
unsung,315
strung,315
song,315
lunge,315
sponge,315
plunge,315
expunge,315
bunk,316
shrunk,316
chunk,316
skunk,316
drunk,316
slunk,316
funk,316
spunk,316
hunk,316
stunk,316
junk,316
sunk,316
monk,316
trunk,316
punk,316
blunt,316
hunt,316
brunt,316
runt,316
front,316
wont,316
grunt,316
brochure,317
epicure,317
conjure,317
forfeiture,317
demure,317
immature,317
endure,317
miniature,317
immure,317
overture,317
inure,317
portraiture,317
manure,317
sinecure,317
mature,317
investiture,317
obscure,317
temperature,317
ordure,317
primogeniture,317
procure,317
poor,317
secure,317
sure,317
calenture,317
cur,317
coverture,317
furniture,317
cynosure,317
scurf,318
surf,318
serf,318
turf,318
churl,319
earl,319
curl,319
furl,319
girl,319
twirl,319
hurl,319
uncurl,319
pearl,319
unfurl,319
purl,319
chirp,320
extirp,320
discerp,320
usurp,320
burst,320
worst,320
curst,320
accurst,320
durst,320
versed,321
first,321
dispers,321
immersed,321
thirst,321
buss,322
glutinous,322
hus,322
gluttonous,322
thus,322
hazardous,322
truss,322
hideous,322
us,322
humorous,322
bulbous,322
impetuous,322
bumptious,322
incubus,322
callous,322
infamous,322
caucus,322
lecherous,322
cautious,322
libellous,322
circus,322
litigious,322
crocus,322
luminous,322
discuss,322
marvellous,322
focus,322
mischievous,322
gracious,322
mountainous,322
grievous,322
mutinous,322
heinous,322
numerous,322
litmus,322
odious,322
mucus,322
odorous,322
nervous,322
ominous,322
nimbus,322
omnibus,322
pious,322
overplus,322
porous,322
perilous,322
rebus,322
poisonous,322
vicious,322
ponderous,322
amorous,322
populous,322
arquebuse,322
prosperous,322
bibulous,322
pugnacious,322
blasphemous,322
ravenous,322
boisterous,322
rigorous,322
clamorous,322
riotous,322
credulous,322
ruinous,322
curious,322
scandalous,322
dangerous,322
scrupulous,322
delicious,322
sedulous,322
dolorous,322
serious,322
emulous,322
slanderous,322
fabulous,322
sonorous,322
frivolous,322
stimulus,322
garrulous,322
timorous,322
generous,322
traitorous,322
glorious,322
treacherous,322
tyrannous,322
indigenous,322
valorous,322
libidinous,322
venomous,322
oleaginous,322
vigorous,322
magnanimous,322
villainous,322
miraculous,322
adventurous,322
necessitous,322
adulteress,322
obstreperous,322
ambiguous,322
odoriferous,322
calamitous,322
omnivorous,322
cadaverous,322
pachydermatous,322
calcareous,322
ridiculous,322
cantankerous,322
solicitous,322
diaphanous,322
somniferous,322
fortuitous,322
thaumaturgus,322
gratuitous,322
victorious,322
harmonious,322
viviparous,322
hilarious,322
vociferous,322
hocus-pocus,322
ubiquitous,322
idolatrous,322
unanimous,322
ignis,322
fatuus,322
ungenerous,322
impecunious,322
use,322
impetuous,322
loose,322
ignoramus,322
dose,322
incredulous,322
house,322
booze,323
diffuse,323
bruise,323
disuse,323
choose,323
excuse,323
lose,323
infuse,323
muse,323
misuse,323
noose,323
peruse,323
ooze,323
refuse,323
ruse,323
suffuse,323
shoes,323
transfuse,323
use,323
dose,323
abuse,323
does,323
accuse,323
buzz,323
amuse,323
foes,323
blush,324
brush,324
bush,324
crush,324
flush,324
frush,324
gush,324
brusque,324
lusk,324
husk,324
bust,324
crust,324
dust,324
lust,324
lust,324
must,324
rust,324
thrust,324
trust,324
adjust,324
butt,325
cut,325
glut,325
gut,325
hut,325
jut,325
nut,325
rut,325
scut,325
shut,325
slut,325
smut,325
hush,326
lush,326
push,326
rush,326
thrush,326
tush,326
musk,327
tusk,327
discussed,327
disgust,327
distrust,327
focussed,327
locust,327
intrust,327
mistrust,327
robust,327
unjust,327
soot,328
strut,328
abut,328
gamut,328
catgut,328
englut,328
rebut,328
walnut,328
foot,328
boot,328
lute,328
clutch,329
such,329
crutch,329
touch,329
hutch,329
retouch,329
much,329
bruit,329
brute,329
cute,329
flute,329
fruit,329
lute,329
mute,329
newt,329
suit,329
acute,329
compute,329
confute,329
depute,329
dilute,329
dispute,329
mpute,329
minute,329
pollute,329
recruit,329
refute,329
repute,329
salute,329
absolute,329
attribute,329
constitute,329
contribute,329
destitute,329
dissolute,329
execute,329
institute,329
parachute,329
persecute,329
prosecute,329
resolute,329
substitute,329
boot,329
crux,330
reflux,330
dux,330
oaks,330
flux,330
jokes,330
lux,330
cooks,330
ay,331
buy,331
cry,331
die,331
dry,331
eye,331
fie,331
fry,331
hie,331
high,331
lie,331
nigh,331
pie,331
ply,331
pry,331
rye,331
sigh,331
sky,331
sly,331
spy,331
sty,331
thigh,331
tie,331
tty,331
vie,331
why,331
ally,331
apply,331
awry,331
belie,331
comply,331
decry,331
defy,331
deny,331
descry,331
imply,331
espy,331
outvie,331
outfly,331
rely,331
reply,331
supply,331
untie,331
amplify,331
beautify,331
certify,331
crucify,331
deify,331
dignify,331
edify,331
falsify,331
fortify,331
fructify,331
gratify,331
glorify,331
horrify,331
justify,331
magnify,331
modify,331
mollify,331
mortify,331
multiply,331
pacify,331
petrify,331
prophesy,331
puufy,331
putrefy,331
qualify,331
ramify,331
rarefy,331
ratify,331
rectify,331
sanctify,331
satisfy,331
scarify,331
signify,331
simplify,331
specify,331
stupefy,331
terrify,331
testify,331
verify,331
villify,331
vivify,331
indemnify,331
intensify,331
lullaby,331
solidify,331
oeauty,331
kindly,331
bonnie,331
kingly,331
brandy,331
knightly,331
busy,331
lady,331
comely,331
lastly,331
cosy,331
lonely,331
crazy,331
lordly,331
crusty,331
lovely,331
curly,331
manly,331
daily,331
marry,331
dainty,331
meanly,331
dally,331
merry,331
dandy,331
misty,331
doubly,331
mouldy,331
dreamy,331
nasty,331
duly,331
neatly,331
dusky,331
nearly,331
duty,331
nobly,331
empty,331
noisy,331
filly,331
orgie,331
gaily,331
palmy,331
gaudy,331
palfrey,331
ghastly,331
paltry,331
glory,331
party,331
gory,331
parsley,331
greedy,331
pastry,331
grumpy,331
petty,331
guilty,331
pigmy,331
happy,331
poorly,331
haughty,331
portly,331
hearty,331
posy,331
heavy,331
pretty,331
homely,331
princely,331
honey,331
proudly,331
hourly,331
pulley,331
humbly,331
purely,331
hungry,331
queenly,331
hurry,331
quickly,331
jaunty,331
racy,331
jetty,331
rally,331
jerky,331
rarely,331
jockey,331
rosy,331
jury,331
rocky,331
justly,331
roughly,331
lily,331
ruby,331
ruddy,331
canopy,331
rudely,331
cavalry,331
saintly,331
charity,331
saucy,331
chastity,331
scurvy,331
chemistry,331
singly,331
chivalry,331
simply,331
clemency,331
sleepy,331
colony,331
snappy,331
comedy,331
sorry,331
company,331
sunny,331
constancy,331
steady,331
cosily,331
strophe,331
contrary,331
study,331
courtesy,331
sweetly,331
cruelty,331
tally,331
daintily,331
tardy,331
dairy,331
thirsty,331
decency,331
trophy,331
destiny,331
truly,331
diary,331
trusty,331
dignity,331
twenty,331
drapery,331
ugly,331
drollery,331
vainly,331
drudgery,331
vary,331
ecstasy,331
wary,331
elegy,331
weary,331
embassy,331
wealthy,331
enemy,331
whisky,331
energy,331
worthy,331
equity,331
academy,331
eulogy,331
agony,331
euphony,331
amity,331
factory,331
anarchy,331
family,331
apathy,331
fallacy,331
artery,331
fealty,331
augury,331
fecundity,331
battery,331
finery,331
beggary,331
flattery,331
bigamy,331
foolery,331
bigotry,331
foolishly,331
blasphemy,331
gaiety,331
botany,331
gallantry,331
bravery,331
gallery,331
bribery,331
galaxy,331
brevity,331
granary,331
calumny,331
gravity,331
history,331
poetry,331
honesty,331
policy,331
idolatry,331
potency,331
industry,331
poverty,331
injury,331
primary,331
infamy,331
privacy,331
infancy,331
prodigy,331
infantry,331
progeny,331
jollity,331
prosody,331
knavery,331
purity,331
laity,331
quality,331
laxity,331
quantity,331
legacy,331
raillery,331
leprosy,331
rectory,331
lethargy,331
regency,331
levity,331
remedy,331
liberty,331
ribaldry,331
library,331
rivalry,331
livery,331
robbery,331
lottery,331
royalty,331
loyalty,331
salary,331
lunacy,331
sanctity,331
majesty,331
secrecy,331
malady,331
simony,331
melody,331
slavery,331
memory,331
sorcery,331
misery,331
strawberry,331
modesty,331
subsidy,331
monarchy,331
surgery,331
mummery,331
symmetry,331
mutiny,331
sympathy,331
mystery,331
symphony,331
nicety,331
tapestry,331
noisily,331
tragedy,331
novelty,331
treachery,331
nunnery,331
treasury,331
nursery,331
trinity,331
penalty,331
trumpery,331
penury,331
tyranny,331
perfidy,331
urgency,331
peijury,331
unity,331
piety,331
usury,331
pillory,331
vacancy,331
piracy,331
vanity,331
pleurisy,331
verily,331
victory,331
democracy,331
villainy,331
discovery,331
votary,331
dishonesty,331
watery,331
dexterity,331
wearily,331
disparity,331
wantonly,331
diversity,331
womanly,331
divinity,331
worthily,331
dormitory,331
absurdity,331
doxology,331
activity,331
duplicity,331
adversity,331
electricity,331
affability,331
emergency,331
affinity,331
enormity,331
agility,331
equanimity,331
alacrity,331
eternity,331
allegory,331
etymology,331
ambiguity,331
extempore,331
anatomy,331
extraordinary,331
animosity,331
extremity,331
antiquity,331
familiarity,331
anxiety,331
fatality,331
apostasy,331
fecundity,331
apostrophe,331
felicity,331
aristocracy,331
ferocity,331
astronomy,331
fertility,331
austerity,331
fidelity,331
authority,331
freemasonry,331
auxiliary,331
frivolity,331
aviary,331
frugality,331
brevity,331
futurity,331
calamity,331
generosity,331
capacity,331
geography,331
captivity,331
geometry,331
catastrophe,331
genealogy,331
complexity,331
gravity,331
concavity,331
gratuity,331
confederacy,331
hostility,331
conformity,331
hospitality,331
congruity,331
humanity,331
conspiracy,331
humility,331
cosmography,331
hypocrisy,331
credulity,331
idiosyncrasy,331
curiosity,331
imaginary,331
customary,331
immensity,331
declivity,331
immorality,331
deformity,331
immortality,331
immaturity,331
magnanimity,331
preliminary,331
supremacy,331
immutability,331
malignity,331
priority,331
stupidity,331
impartiality,331
maturity,331
probability,331
shilly-shally,331
impecuniosity,331
mediocrity,331
prodigality,331
tautology,331
impetuosity,331
mendacity,331
profanity,331
tenacity,331
impiety,331
minatory,331
profundity,331
temerity,331
impossibility,331
minority,331
propensity,331
temporary,331
importunity,331
monastery,331
prosperity,331
theology,331
impurity,331
mortality,331
radically,331
theosophy,331
inability,331
municipality,331
rapidly,331
timidity,331
inaccuracy,331
mutability,331
rascality,331
tranquillity,331
incapacity,331
nationality,331
reality,331
transparency,331
incivility,331
namby-pamby,331
reciprocity,331
trigonometry,331
inclemency,331
nativity,331
rotundity,331
unanimity,331
incongruity,331
necessary,331
rudimentary,331
ubiquity,331
inconsistency,331
necromancy,331
satiety,331
uncertainty,331
inconstancy,331
neutrality,331
security,331
uniformity,331
indemnity,331
nobility,331
seniority,331
university,331
inequality,331
nonconformity,331
sensibility,331
unparliamentary,331
infidelity,331
obesity,331
sensuality,331
vacuity,331
infinity,331
obscurity,331
severity,331
validity,331
infirmary,331
opportunity,331
simplicity,331
variety,331
inflexibility,331
partiality,331
sincerity,331
veracity,331
insanity,331
perfunctory,331
sobriety,331
verbosity,331
instability,331
perpetuity,331
society,331
vicinity,331
integrity,331
perplexity,331
solemnity,331
virginity,331
intensity,331
philosophy,331
solidity,331
visibility,331
liberality,331
polyandry,331
soliloquy,331
vivacity,331
loquacity,331
polygamy,331
sovereignty,331
volubility,331
luminosity,331
pomposity,331
sublimity,331